base_asset,exchange,pair,min_2_depth,avg_30d_vol,reference_price,risk_assessment,num_oracles,liquidity_tier,asset_name,adjust_by_market
AAVE,Mexc,AAVE_USDT,403707.603,299498.6587,88.46188619,A,7,2,AAVE,USDT-USD
AAVE,Huobi,aaveusdt,49562.27661,34092101.66,88.52768881,A,7,2,AAVE,USDT-USD
AAVE,Kraken,AAVEUSD,84969.1289,732237.4435,88.21901516,A,7,2,AAVE,
AAVE,Okx,AAVE-USDT,120824.3981,5483819.403,88.48717486,A,7,2,AAVE,USDT-USD
AAVE,Kucoin,AAVE-USDT,60134.45372,1454001.73,88.41847956,A,7,2,AAVE,USDT-USD
AAVE,Binance,AAVEUSDT,336646.7802,17941167.87,88.40806057,A,7,2,AAVE,USDT-USD
AAVE,CoinbasePro,AAVE-USD,162207.2275,7955414.095,88.41304215,A,7,2,AAVE,
ADA,Okx,ADA-USDT,303911.146,12693505.79,0.4718322348,A,9,1,Cardano,USDT-USD
ADA,CoinbasePro,ADA-USD,611511.2428,18323224.07,0.4703816721,A,9,1,Cardano,
ADA,Huobi,adausdt,149750.1588,18688486.68,0.470293013,A,9,1,Cardano,USDT-USD
ADA,Kucoin,ADA-USDT,204346.5493,11339662.31,0.470650622,A,9,1,Cardano,USDT-USD
ADA,Bitstamp,ADA/USD,111141.4265,495063.9401,0.4732612949,A,9,1,Cardano,
ADA,Mexc,ADA_USDT,1480561.883,34705754.08,0.4706681442,A,9,1,Cardano,USDT-USD
ADA,Bybit,ADAUSDT,261755.7266,15267158.53,0.4715127504,A,9,1,Cardano,USDT-USD
ADA,Kraken,ADAUSD,631495.1952,4783679.81,0.4728831552,A,9,1,Cardano,
ADA,Binance,ADAUSDT,1014519.017,74913609.68,0.4709109462,A,9,1,Cardano,USDT-USD
AGIX,Okx,AGIX-USDT,144402.4677,1230616.692,0.2534299858,A,6,2,SingularityNET,USDT-USD
AGIX,Bybit,AGIXUSDT,72731.67454,2177116.497,0.2534800192,A,6,2,SingularityNET,USDT-USD
AGIX,Kucoin,AGIX-USDT,86823.62761,4637581.791,0.2531545743,A,6,2,SingularityNET,USDT-USD
AGIX,Mexc,AGIX_USDT,114261.8075,179945.4082,0.2532243225,A,6,2,SingularityNET,USDT-USD
AGIX,Binance,AGIXUSDT,181499.5614,6601700.149,0.2535772917,A,6,2,SingularityNET,USDT-USD
AGIX,Gate,AGIX_USDT,50000,100000,0,A,6,2,SingularityNET,USDT-USD
ALGO,Kucoin,ALGO-USDT,125172.0507,2774508.432,0.1612760665,A,6,2,Algorand,USDT-USD
ALGO,Mexc,ALGO_USDT,471722.5569,391031.4403,0.1615972948,A,6,2,Algorand,USDT-USD
ALGO,Okx,ALGO-USDT,84724.99655,3001155.055,0.1614784231,A,6,2,Algorand,USDT-USD
ALGO,CoinbasePro,ALGO-USD,137293.3037,3626194.058,0.1612613776,A,6,2,Algorand,
ALGO,Kraken,ALGOUSD,94239.46899,856438.0736,0.1611316036,A,6,2,Algorand,
ALGO,Binance,ALGOUSDT,240363.9844,10216526.81,0.1613137606,A,6,2,Algorand,USDT-USD
APE,Mexc,APE_USDT,845830.979,329116.5427,1.31149687,A,7,2,ApeCoin,USDT-USD
APE,Kucoin,APE-USDT,74830.83223,1527594.928,1.306893397,A,7,2,ApeCoin,USDT-USD
APE,CoinbasePro,APE-USD,79825.96928,1765569.337,1.310147807,A,7,2,ApeCoin,
APE,Okx,APE-USDT,127038.7774,4931009.134,1.310171735,A,7,2,ApeCoin,USDT-USD
APE,Binance,APEUSDT,295540.0092,16809984.56,1.309457667,A,7,2,ApeCoin,USDT-USD
APE,Kraken,APEUSD,47261.34196,350969.3303,1.302436726,A,7,2,ApeCoin,
APE,Gate,APE_USDT,50000,100000,0,A,7,2,ApeCoin,USDT-USD
APT,Binance,APTUSDT,970622.772,42662112,8.365109058,A,8,2,Aptos,USDT-USD
APT,Kraken,APTUSD,95252.8507,687239.9038,8.373953519,A,8,2,Aptos,
APT,Bybit,APTUSDT,421662.7604,13658424.61,8.360517459,A,8,2,Aptos,USDT-USD
APT,Kucoin,APT-USDT,59781.95498,3012611.094,8.371347497,A,8,2,Aptos,USDT-USD
APT,Mexc,APT_USDT,188448.7027,6995386.772,8.37360865,A,8,2,Aptos,USDT-USD
APT,CoinbasePro,APT-USD,158248.5255,5176336.024,8.369192123,A,8,2,Aptos,
APT,Okx,APT-USDT,596052.5515,20209030.67,8.37385096,A,8,2,Aptos,USDT-USD
APT,Gate,APT_USDT,50000,100000,0,A,8,2,Aptos,USDT-USD
ARB,Kraken,ARBUSD,100206.2199,4381943.143,1.705803002,A,8,1,Arbitrum,
ARB,Mexc,ARB_USDT,563395.9496,70966050.57,1.700151185,A,8,1,Arbitrum,USDT-USD
ARB,CoinbasePro,ARB-USD,323984.7248,25023919.67,1.706804349,A,8,1,Arbitrum,
ARB,Binance,ARBUSDT,1448064.308,225490594,1.700534337,A,8,1,Arbitrum,USDT-USD
ARB,Bybit,ARBUSDT,188544.697,49644508.17,1.697965318,A,8,1,Arbitrum,USDT-USD
ARB,Okx,ARB-USDT,619050.2317,56911723.48,1.700105696,A,8,1,Arbitrum,USDT-USD
ARB,Kucoin,ARB-USDT,244278.1403,15751598.26,1.705204466,A,8,1,Arbitrum,USDT-USD
ARB,Huobi,arbusdt,111073.3497,24106121.68,1.696818375,A,8,1,Arbitrum,USDT-USD
ATOM,Kucoin,ATOM-USDT,122511.6105,4164205.618,9.196821466,A,8,2,Cosmos,USDT-USD
ATOM,CoinbasePro,ATOM-USD,205758.8309,4244575.601,9.188194158,A,8,2,Cosmos,
ATOM,Binance,ATOMUSDT,500205.8745,32707609.21,9.19886839,A,8,2,Cosmos,USDT-USD
ATOM,Kraken,ATOMUSD,228688.3729,1024035.956,9.218557996,A,8,2,Cosmos,
ATOM,Okx,ATOM-USDT,147209.9881,6727992.679,9.196235185,A,8,2,Cosmos,USDT-USD
ATOM,Mexc,ATOM_USDT,396797.5433,1008586.239,9.21317801,A,8,2,Cosmos,USDT-USD
ATOM,Bybit,ATOMUSDT,100035.0706,5523700.635,9.191262868,A,8,2,Cosmos,USDT-USD
ATOM,Gate,ATOM_USDT,50000,100000,0,A,8,2,Cosmos,USDT-USD
AVAX,Okx,AVAX-USDT,459223.0249,27191336.53,30.3671387,A,9,1,Avalanche,USDT-USD
AVAX,Mexc,AVAX_USDT,2630410.171,40197237.8,30.31335915,A,9,1,Avalanche,USDT-USD
AVAX,CoinbasePro,AVAX-USD,710189.1641,41234008.85,30.43579342,A,9,1,Avalanche,
AVAX,Kraken,AVAXUSD,455749.7351,5083869.862,30.36461631,A,9,1,Avalanche,
AVAX,Huobi,avaxusdt,83674.34414,20197355.5,30.38713582,A,9,1,Avalanche,USDT-USD
AVAX,Bitstamp,AVAX/USD,78931.59345,492591.779,30.51926775,A,9,1,Avalanche,
AVAX,Binance,AVAXUSDT,1424442.662,110228072.3,30.31927119,A,9,1,Avalanche,USDT-USD
AVAX,Bybit,AVAXUSDT,266594.6447,19032772.46,30.37667694,A,9,1,Avalanche,USDT-USD
AVAX,Kucoin,AVAX-USDT,256007.3589,13423273.72,30.36129437,A,9,1,Avalanche,USDT-USD
BCH,Kraken,BCHUSD,203340.9953,1163173.528,236.4383838,A,9,1,Bitcoin Cash,
BCH,Bitstamp,BCH/USD,133890.8622,1113055.48,236.3834073,A,9,1,Bitcoin Cash,
BCH,Kucoin,BCH-USDT,153403.2244,1766025.88,236.2130317,A,9,1,Bitcoin Cash,USDT-USD
BCH,Mexc,BCH_USDT,1688109.018,340077.5421,236.974317,A,9,1,Bitcoin Cash,USDT-USD
BCH,Binance,BCHUSDT,672821.7917,32395763.97,236.0220829,A,9,1,Bitcoin Cash,USDT-USD
BCH,Bybit,BCHUSDT,156013.3525,7323063.446,236.304741,A,9,1,Bitcoin Cash,USDT-USD
BCH,Huobi,bchusdt,65221.14333,14976246.74,236.1401006,A,9,1,Bitcoin Cash,USDT-USD
BCH,Okx,BCH-USDT,351452.4549,15579827.1,236.1496084,A,9,1,Bitcoin Cash,USDT-USD
BCH,CoinbasePro,BCH-USD,448678.0454,10694749.58,236.3332929,A,9,1,Bitcoin Cash,
BLUR,Kraken,BLURUSD,99075.46212,1216513.285,0.6025188372,A,7,2,Blur,
BLUR,Bybit,BLURUSDT,68313.916,6461469.994,0.60531087,A,7,2,Blur,USDT-USD
BLUR,Binance,BLURUSDT,523824.0691,49785352.29,0.6085401119,A,7,2,Blur,USDT-USD
BLUR,Kucoin,BLUR-USDT,114279.3879,3580944.358,0.6060076016,A,7,2,Blur,USDT-USD
BLUR,Okx,BLUR-USDT,242440.7708,21042871.79,0.6072397492,A,7,2,Blur,USDT-USD
BLUR,CoinbasePro,BLUR-USD,156092.3813,8736803.112,0.6038877368,A,7,2,Blur,
BLUR,Mexc,BLUR_USDT,845700.0176,614271.1779,0.6015683969,A,7,2,Blur,USDT-USD
BNB,Okx,BNB-USDT,171035.3871,10049830.17,291.7391615,A,6,2,Binance Coin,USDT-USD
BNB,Kucoin,BNB-USDT,172933.5367,7563235.244,291.8671543,A,6,2,Binance Coin,USDT-USD
BNB,Mexc,BNB_USDT,2668302.204,2095942.424,291.3317029,A,6,2,Binance Coin,USDT-USD
BNB,Binance,BNBUSDT,2315487.589,299938471.1,292.0261567,A,6,2,Binance Coin,USDT-USD
BNB,Bybit,BNBUSDT,73840.12419,11584488.51,291.812684,A,6,2,Binance Coin,USDT-USD
BNB,Gate,BNB_USDT,50000,100000,0,A,6,2,Binance Coin,USDT-USD
BONK,Bybit,BONKUSDT,91223.30674,10108782.84,1.09E-05,A,6,2,Bonk Token,USDT-USD
BONK,Mexc,BONK_USDT,880507.727,1996432.036,1.1E-05,A,6,2,Bonk Token,USDT-USD
BONK,Binance,BONKUSDT,496236.8093,63520367.26,1.09E-05,A,6,2,Bonk Token,USDT-USD
BONK,Okx,BONK-USDT,84194.41757,4939704.699,1.09E-05,A,6,2,Bonk Token,USDT-USD
BONK,CoinbasePro,BONK-USD,291120.8766,24041618.38,1.1E-05,A,6,2,Bonk Token,
BONK,Kucoin,BONK-USDT,104413.0879,5795566.827,1.09E-05,A,6,2,Bonk Token,USDT-USD
BTC,Kucoin,BTC-USDT,1385049.373,192647255.8,39920.8141,A,9,1,Bitcoin,USDT-USD
BTC,Mexc,BTC_USDT,6055794.786,468890338.6,39929.87241,A,9,1,Bitcoin,USDT-USD
BTC,Bybit,BTCUSDT,1934000.115,501075059.1,39905.40634,A,9,1,Bitcoin,USDT-USD
BTC,Okx,BTC-USDT,3216401.515,736570802.6,39910.57726,A,9,1,Bitcoin,USDT-USD
BTC,Bitstamp,BTC/USD,4904357.079,103847807.2,39898.51266,A,9,1,Bitcoin,
BTC,Huobi,btcusdt,1628523.051,85957777.78,39927.11023,A,9,1,Bitcoin,USDT-USD
BTC,CoinbasePro,BTC-USD,11838510.17,799998360.6,39872.42919,A,9,1,Bitcoin,
BTC,Kraken,BTCUSD,11254244.98,152725974.7,39905.34906,A,9,1,Bitcoin,
BTC,Binance,BTCUSDT,13081922.22,1943592587,39912.24136,A,9,1,Bitcoin,USDT-USD
CHZ,Okx,CHZ-USDT,76721.70261,9853334.361,0.1037356507,A,6,2,Chiliz,USDT-USD
CHZ,Mexc,CHZ_USDT,230477.9128,285408.6504,0.1038430482,A,6,2,Chiliz,USDT-USD
CHZ,CoinbasePro,CHZ-USD,51276.07653,1252645.033,0.1054762023,A,6,2,Chiliz,
CHZ,Kraken,CHZUSD,48524.85664,395637.5252,0.1050375877,A,6,2,Chiliz,
CHZ,Binance,CHZUSDT,249888.0127,28501304.85,0.1046721926,A,6,2,Chiliz,USDT-USD
CHZ,Gate,CHZ_USDT,50000,100000,0,A,6,2,Chiliz,USDT-USD
CRV,Kraken,CRVUSD,60416.85503,292275.2165,0.4482389055,A,6,2,Curve DAO Token,
CRV,Kucoin,CRV-USDT,50096.30378,680353.338,0.4434254994,A,6,2,Curve DAO Token,USDT-USD
CRV,Binance,CRVUSDT,265385.0097,9688519.274,0.443424373,A,6,2,Curve DAO Token,USDT-USD
CRV,CoinbasePro,CRV-USD,96582.28361,871025.6346,0.4446821049,A,6,2,Curve DAO Token,
CRV,Mexc,CRV_USDT,202941.3475,133320.8099,0.4438313683,A,6,2,Curve DAO Token,USDT-USD
CRV,Okx,CRV-USDT,109901.21,6873330.009,0.4425725114,A,6,2,Curve DAO Token,USDT-USD
DOGE,CoinbasePro,DOGE-USD,705184.7562,25424875.32,0.07793120656,A,9,1,Dogecoin,
DOGE,Okx,DOGE-USDT,565834.5118,33076839.3,0.07788150395,A,9,1,Dogecoin,USDT-USD
DOGE,Mexc,DOGE_USDT,1091538.578,22937578.29,0.0779243829,A,9,1,Dogecoin,USDT-USD
DOGE,Kraken,DOGEUSD,547998.0729,4621710.265,0.07778464129,A,9,1,Dogecoin,
DOGE,Bybit,DOGEUSDT,290256.381,15914185,0.07796760983,A,9,1,Dogecoin,USDT-USD
DOGE,Bitstamp,DOGE/USD,46447.64873,189541.7938,0.07799339803,A,9,1,Dogecoin,
DOGE,Binance,DOGEUSDT,1252926.134,84403824.56,0.07796643769,A,9,1,Dogecoin,USDT-USD
DOGE,Huobi,dogeusdt,269955.645,21525311.57,0.07794967908,A,9,1,Dogecoin,USDT-USD
DOGE,Kucoin,DOGE-USDT,365702.9014,7810505.65,0.07798714967,A,9,1,Dogecoin,USDT-USD
DOT,Kraken,DOTUSD,368701.8747,4429592.47,6.452188898,A,8,1,Polkadot,
DOT,Okx,DOT-USDT,222355.039,10742911.87,6.458175307,A,8,1,Polkadot,USDT-USD
DOT,Huobi,dotusdt,45783.29935,10974447.87,6.450317276,A,8,1,Polkadot,USDT-USD
DOT,Mexc,DOT_USDT,1098245.94,1339831.03,6.446585762,A,8,1,Polkadot,USDT-USD
DOT,Bybit,DOTUSDT,166496.7868,9913978.391,6.454271244,A,8,1,Polkadot,USDT-USD
DOT,CoinbasePro,DOT-USD,168119.2694,9778920.932,6.452749635,A,8,1,Polkadot,
DOT,Kucoin,DOT-USDT,124303.7984,5544103.268,6.453780538,A,8,1,Polkadot,USDT-USD
DOT,Binance,DOTUSDT,593806.1697,48873686.06,6.451243808,A,8,1,Polkadot,USDT-USD
ENS,Mexc,ENS_USDT,367658.849,670539.5241,17.98863652,A,6,2,Ethereum Name Service (ENS),USDT-USD
ENS,Kucoin,ENS-USDT,54724.81451,3676707.428,17.75880758,A,6,2,Ethereum Name Service (ENS),USDT-USD
ENS,Binance,ENSUSDT,291418.3232,62479176.65,17.81688813,A,6,2,Ethereum Name Service (ENS),USDT-USD
ENS,CoinbasePro,ENS-USD,91775.13594,7641723.902,17.79343763,A,6,2,Ethereum Name Service (ENS),
ENS,Okx,ENS-USDT,137796.003,17044833.9,17.78364476,A,6,2,Ethereum Name Service (ENS),USDT-USD
ENS,Gate,ENS_USDT,50000,100000,0,A,6,2,Ethereum Name Service (ENS),USDT-USD
EOS,Binance,EOSUSDT,372008.7468,8074383.692,0.6830128043,A,8,2,Eos,USDT-USD
EOS,Mexc,EOS_USDT,1199704.281,272102.5368,0.6840073934,A,8,2,Eos,USDT-USD
EOS,Kucoin,EOS-USDT,75854.21225,709014.6871,0.68384828,A,8,2,Eos,USDT-USD
EOS,CoinbasePro,EOS-USD,77320.52881,1313993.017,0.6822937779,A,8,2,Eos,
EOS,Kraken,EOSUSD,88673.50535,723904.186,0.6839062109,A,8,2,Eos,
EOS,Okx,EOS-USDT,139325.4759,9112853.76,0.6825281331,A,8,2,Eos,USDT-USD
EOS,Bybit,EOSUSDT,50578.19146,5841158.864,0.6822045569,A,8,2,Eos,USDT-USD
EOS,Gate,EOS_USDT,50000,100000,0,A,8,2,Eos,USDT-USD
ETC,Kucoin,ETC-USDT,113759.0808,3477554.997,22.85192736,A,8,1,Ethereum Classic,USDT-USD
ETC,Binance,ETCUSDT,655668.4981,60729272.86,22.86694828,A,8,1,Ethereum Classic,USDT-USD
ETC,Bybit,ETCUSDT,49561.58743,2838378.919,22.8367253,A,8,1,Ethereum Classic,USDT-USD
ETC,Kraken,ETCUSD,155878.8877,734888.778,22.88123977,A,8,1,Ethereum Classic,
ETC,CoinbasePro,ETC-USD,584427.6111,7597750.664,22.83725611,A,8,1,Ethereum Classic,
ETC,Huobi,etcusdt,81646.91108,13533193.91,22.77483439,A,8,1,Ethereum Classic,USDT-USD
ETC,Okx,ETC-USDT,338589.5466,23459446.52,22.81594291,A,8,1,Ethereum Classic,USDT-USD
ETC,Mexc,ETC_USDT,1378585.921,911135.813,22.92403344,A,8,1,Ethereum Classic,USDT-USD
ETH,Bitstamp,ETH/USD,1786424.201,19272496.97,2212.492226,A,9,1,Ethereum,
ETH,Okx,ETH-USDT,2444418.764,388934350.5,2210.16441,A,9,1,Ethereum,USDT-USD
ETH,Huobi,ethusdt,1695970.121,34272154.83,2212.288729,A,9,1,Ethereum,USDT-USD
ETH,Kucoin,ETH-USDT,1037412.076,119386693.6,2211.480181,A,9,1,Ethereum,USDT-USD
ETH,Bybit,ETHUSDT,1345249.473,304189767.2,2211.399676,A,9,1,Ethereum,USDT-USD
ETH,Kraken,ETHUSD,5075383.05,56853252.58,2212.377288,A,9,1,Ethereum,
ETH,Mexc,ETH_USDT,4484321.007,210359167.7,2214.032265,A,9,1,Ethereum,USDT-USD
ETH,CoinbasePro,ETH-USD,7298871.343,296252747.3,2210.07616,A,9,1,Ethereum,
ETH,Binance,ETHUSDT,10324165.63,1060630897,2211.179573,A,9,1,Ethereum,USDT-USD
FET,Mexc,FET_USDT,494656.0995,559935.8786,0.5882081836,A,6,2,Fetch AI,USDT-USD
FET,Binance,FETUSDT,465708.0914,22769357.29,0.5862566061,A,6,2,Fetch AI,USDT-USD
FET,Kucoin,FET-USDT,96173.26242,4354855.944,0.5872583338,A,6,2,Fetch AI,USDT-USD
FET,Okx,FET-USDT,80416.82548,1578553.143,0.587271404,A,6,2,Fetch AI,USDT-USD
FET,Kraken,FETUSD,80688.82031,1386327.677,0.5848580771,A,6,2,Fetch AI,
FET,CoinbasePro,FET-USD,241779.2529,9092328.77,0.5848723328,A,6,2,Fetch AI,
FIL,Kucoin,FIL-USDT,136368.2949,7410428.74,4.93172295,A,8,1,Filecoin,USDT-USD
FIL,Kraken,FILUSD,133991.2228,1832800.962,4.933693054,A,8,1,Filecoin,
FIL,CoinbasePro,FIL-USD,258870.6985,11530932.48,4.934286612,A,8,1,Filecoin,
FIL,Bybit,FILUSDT,86576.25386,7525363.033,4.91922609,A,8,1,Filecoin,USDT-USD
FIL,Mexc,FIL_USDT,1094874.372,1819214.992,4.927851525,A,8,1,Filecoin,USDT-USD
FIL,Okx,FIL-USDT,646778.4394,55504900,4.9289709,A,8,1,Filecoin,USDT-USD
FIL,Binance,FILUSDT,844740.0409,75887089.73,4.930605871,A,8,1,Filecoin,USDT-USD
FIL,Huobi,filusdt,68173.55527,16793194.38,4.936018668,A,8,1,Filecoin,USDT-USD
FTM,Bybit,FTMUSDT,71346.61591,4128311.729,0.3352808917,A,6,2,Fantom,USDT-USD
FTM,Kraken,FTMUSD,87646.51897,1176507.833,0.3346537706,A,6,2,Fantom,
FTM,Kucoin,FTM-USDT,106225.8231,4400742.84,0.3358058793,A,6,2,Fantom,USDT-USD
FTM,Mexc,FTM_USDT,632339.7399,1081199.831,0.3365010633,A,6,2,Fantom,USDT-USD
FTM,Binance,FTMUSDT,424997.2126,25764943.66,0.3360637395,A,6,2,Fantom,USDT-USD
FTM,Okx,FTM-USDT,98090.82999,4900885.095,0.3376845609,A,6,2,Fantom,USDT-USD
GALA,Okx,GALA-USDT,189873.4137,6654005.649,0.02204820477,A,6,2,Gala,USDT-USD
GALA,Mexc,GALA_USDT,674173.1073,662194.7213,0.02211283071,A,6,2,Gala,USDT-USD
GALA,Bybit,GALAUSDT,81233.95423,2802651.478,0.02204724605,A,6,2,Gala,USDT-USD
GALA,Kraken,GALAUSD,81853.15768,971887.7737,0.02213452999,A,6,2,Gala,
GALA,Binance,GALAUSDT,415969.0247,23466983.63,0.02205812128,A,6,2,Gala,USDT-USD
GALA,Gate,GALA_USDT,50000,100000,0,A,6,2,Gala,USDT-USD
GRT,CoinbasePro,GRT-USD,212787.1065,5275612.932,0.1493811838,A,7,2,The Graph,
GRT,Okx,GRT-USDT,65342.41311,2506599.164,0.1492456221,A,7,2,The Graph,USDT-USD
GRT,Mexc,GRT_USDT,598125.0805,479952.4649,0.1491757716,A,7,2,The Graph,USDT-USD
GRT,Kraken,GRTUSD,75871.99326,633740.4267,0.1498390276,A,7,2,The Graph,
GRT,Binance,GRTUSDT,326438.7018,17403725.33,0.1491240716,A,7,2,The Graph,USDT-USD
GRT,Kucoin,GRT-USDT,81544.85738,1753762.597,0.1493661616,A,7,2,The Graph,USDT-USD
GRT,Gate,GRT_USDT,50000,100000,0,A,7,2,The Graph,USDT-USD
HBAR,Kucoin,HBAR-USDT,114290.7661,2775278.488,0.07132025496,A,7,2,Hedera Hashgraph,USDT-USD
HBAR,Mexc,HBAR_USDT,460300.1662,483877.2872,0.07108943658,A,7,2,Hedera Hashgraph,USDT-USD
HBAR,CoinbasePro,HBAR-USD,214294.0589,7087561.93,0.07116005717,A,7,2,Hedera Hashgraph,
HBAR,Okx,HBAR-USDT,112689.0708,4026461.082,0.07125365623,A,7,2,Hedera Hashgraph,USDT-USD
HBAR,Huobi,hbarusdt,46422.78344,12502601.52,0.07144363395,A,7,2,Hedera Hashgraph,USDT-USD
HBAR,Binance,HBARUSDT,342801.5964,14209768.84,0.07132722883,A,7,2,Hedera Hashgraph,USDT-USD
HBAR,Bybit,HBARUSDT,45261.49627,1258321.041,0.07136344216,A,7,2,Hedera Hashgraph,USDT-USD
ICP,Binance,ICPUSDT,501774.1138,77170682.6,11.52804787,A,7,2,Internet Computer,USDT-USD
ICP,Okx,ICP-USDT,297422.7336,20593859.34,11.59386803,A,7,2,Internet Computer,USDT-USD
ICP,Mexc,ICP_USDT,229038.0671,2659248.459,11.29959518,A,7,2,Internet Computer,USDT-USD
ICP,Bybit,ICPUSDT,145658.1104,13815502.64,11.47155514,A,7,2,Internet Computer,USDT-USD
ICP,CoinbasePro,ICP-USD,481694.0934,22919263.78,11.51929241,A,7,2,Internet Computer,
ICP,Kucoin,ICP-USDT,243799.5596,21281791.71,11.4267898,A,7,2,Internet Computer,USDT-USD
ICP,Kraken,ICPUSD,152510.8207,4230646.898,11.48180455,A,7,2,Internet Computer,
INJ,Binance,INJUSDT,761854.6344,75471268.13,31.75641906,A,7,2,Injective Protocol,USDT-USD
INJ,Bybit,INJUSDT,46259.03266,8671297.48,31.81868206,A,7,2,Injective Protocol,USDT-USD
INJ,Mexc,INJ_USDT,195130.7785,2547540.558,31.75180875,A,7,2,Injective Protocol,USDT-USD
INJ,Kraken,INJUSD,110554.9597,4615214.653,31.81822066,A,7,2,Injective Protocol,
INJ,CoinbasePro,INJ-USD,263574.9589,21960083.14,31.75834432,A,7,2,Injective Protocol,
INJ,Kucoin,INJ-USDT,112763.3848,13043315.83,31.73964964,A,7,2,Injective Protocol,USDT-USD
INJ,Okx,INJ-USDT,156547.4276,6879780.129,31.838232,A,7,2,Injective Protocol,USDT-USD
JTO,CoinbasePro,JTO-USD,209989.3821,10018464.73,1.887681028,A,6,2,Jito,
JTO,Binance,JTOUSDT,350644.6827,47762160.17,1.883291251,A,6,2,Jito,USDT-USD
JTO,Bybit,JTOUSDT,74864.14695,4967573.71,1.886557933,A,6,2,Jito,USDT-USD
JTO,Mexc,JTO_USDT,138559.5351,998743.8255,1.88425904,A,6,2,Jito,USDT-USD
JTO,Okx,JTO-USDT,96745.66258,8928569.193,1.884792183,A,6,2,Jito,USDT-USD
JTO,Kucoin,JTO-USDT,87953.5565,3015273.183,1.890669659,A,6,2,Jito,USDT-USD
KAVA,CoinbasePro,KAVA-USD,176534.8573,385485.2501,0.6919030037,A,6,2,Kava,
KAVA,Mexc,KAVA_USDT,1176186.319,270495.2643,0.6895330959,A,6,2,Kava,USDT-USD
KAVA,Kucoin,KAVA-USDT,89752.19321,596070.2703,0.6890117656,A,6,2,Kava,USDT-USD
KAVA,Binance,KAVAUSDT,646090.2324,11218433.99,0.6895853325,A,6,2,Kava,USDT-USD
KAVA,Kraken,KAVAUSD,85320.83296,641014.1765,0.6908946014,A,6,2,Kava,
KAVA,Gate,KAVA_USDT,50000,100000,0,A,6,2,Kava,USDT-USD
LDO,Okx,LDO-USDT,181894.181,10111578.42,2.88714217,A,8,2,Lido DAO,USDT-USD
LDO,Binance,LDOUSDT,387738.82,41043700.87,2.883611792,A,8,2,Lido DAO,USDT-USD
LDO,CoinbasePro,LDO-USD,220300.8676,11976409.69,2.884625596,A,8,2,Lido DAO,
LDO,Kraken,LDOUSD,100447.1249,2150960.494,2.887488478,A,8,2,Lido DAO,
LDO,Mexc,LDO_USDT,588930.053,638809.6967,2.882180527,A,8,2,Lido DAO,USDT-USD
LDO,Kucoin,LDO-USDT,91009.30345,4468563.248,2.885880042,A,8,2,Lido DAO,USDT-USD
LDO,Bybit,LDOUSDT,71154.49236,6463827.135,2.885385432,A,8,2,Lido DAO,USDT-USD
LDO,Gate,LDO_USDT,50000,100000,0,A,8,2,Lido DAO,USDT-USD
LINK,Kraken,LINKUSD,552242.3853,5755261.063,13.82357462,A,8,1,ChainLink,
LINK,CoinbasePro,LINK-USD,680356.4439,32122820.26,13.80640803,A,8,1,ChainLink,
LINK,Mexc,LINK_USDT,1218298.471,49003625.57,13.80057366,A,8,1,ChainLink,USDT-USD
LINK,Binance,LINKUSDT,1057623.562,91375865.04,13.7948244,A,8,1,ChainLink,USDT-USD
LINK,Okx,LINK-USDT,275176.1551,13565986.64,13.79776617,A,8,1,ChainLink,USDT-USD
LINK,Bitstamp,LINK/USD,151182.7984,1359533.87,13.84044633,A,8,1,ChainLink,
LINK,Kucoin,LINK-USDT,196203.2947,9579617.943,13.81059009,A,8,1,ChainLink,USDT-USD
LINK,Bybit,LINKUSDT,180315.7755,14220162.33,13.85826731,A,8,1,ChainLink,USDT-USD
LTC,CoinbasePro,LTC-USD,543451.3689,13785634.51,65.4631381,A,9,1,Litecoin,
LTC,Mexc,LTC_USDT,1879096.824,17331806.29,65.43634611,A,9,1,Litecoin,USDT-USD
LTC,Okx,LTC-USDT,507929.3471,26530065.91,65.41225491,A,9,1,Litecoin,USDT-USD
LTC,Kucoin,LTC-USDT,290350.1634,6126387.388,65.4318351,A,9,1,Litecoin,USDT-USD
LTC,Bybit,LTCUSDT,201299.6733,12383937.05,65.45086009,A,9,1,Litecoin,USDT-USD
LTC,Bitstamp,LTC/USD,71302.43935,837193.57,65.38819428,A,9,1,Litecoin,
LTC,Huobi,ltcusdt,150004.7632,4614143.66,65.4369822,A,9,1,Litecoin,USDT-USD
LTC,Kraken,LTCUSD,485564.9077,2601077.121,65.43280684,A,9,1,Litecoin,
LTC,Binance,LTCUSDT,975861.6282,46447198.76,65.43597402,A,9,1,Litecoin,USDT-USD
MANA,Binance,MANAUSDT,161539.8083,8060438.22,0.4335988613,A,7,2,Decentraland,USDT-USD
MANA,Kucoin,MANA-USDT,58087.72222,503402.4757,0.4338408816,A,7,2,Decentraland,USDT-USD
MANA,Kraken,MANAUSD,84924.79935,272373.0049,0.432452467,A,7,2,Decentraland,
MANA,Mexc,MANA_USDT,253761.7046,145519.6743,0.4345951497,A,7,2,Decentraland,USDT-USD
MANA,Okx,MANA-USDT,68844.47795,1431443.961,0.4338122156,A,7,2,Decentraland,USDT-USD
MANA,CoinbasePro,MANA-USD,69142.62162,865483.8728,0.4332575848,A,7,2,Decentraland,
MANA,Gate,MANA_USDT,50000,100000,0,A,7,2,Decentraland,USDT-USD
MASK,Binance,MASKUSDT,527334.4347,29606345.22,3.252034856,A,7,2,Mask Network,USDT-USD
MASK,Okx,MASK-USDT,164626.3439,17425407.01,3.247435343,A,7,2,Mask Network,USDT-USD
MASK,Kucoin,MASK-USDT,68471.50785,2787550.55,3.250394924,A,7,2,Mask Network,USDT-USD
MASK,Mexc,MASK_USDT,551854.5319,340523.7233,3.255251096,A,7,2,Mask Network,USDT-USD
MASK,CoinbasePro,MASK-USD,76371.2574,1172479.2,3.257449365,A,7,2,Mask Network,
MASK,Bybit,MASKUSDT,55836.09372,3549089.841,3.251526238,A,7,2,Mask Network,USDT-USD
MASK,Gate,MASK_USDT,50000,100000,0,A,7,2,Mask Network,USDT-USD
MATIC,Okx,MATIC-USDT,286529.4599,19272111.96,0.7282054395,A,9,1,Matic Network,USDT-USD
MATIC,CoinbasePro,MATIC-USD,392683.598,14444572.98,0.7281953324,A,9,1,Matic Network,
MATIC,Binance,MATICUSDT,880166.8053,97986293.13,0.7281469424,A,9,1,Matic Network,USDT-USD
MATIC,Huobi,maticusdt,109573.122,15234696.66,0.7286294763,A,9,1,Matic Network,USDT-USD
MATIC,Bybit,MATICUSDT,253953.798,21099460.02,0.7281887236,A,9,1,Matic Network,USDT-USD
MATIC,Mexc,MATIC_USDT,985242.4337,45954909.9,0.7282376458,A,9,1,Matic Network,USDT-USD
MATIC,Kraken,MATICUSD,478478.4995,4510025.126,0.7294573007,A,9,1,Matic Network,
MATIC,Bitstamp,MATIC/USD,77920.84684,344911.6889,0.733080163,A,9,1,Matic Network,
MATIC,Kucoin,MATIC-USDT,356785.0871,8215026.183,0.7274795596,A,9,1,Matic Network,USDT-USD
MKR,CoinbasePro,MKR-USD,189657.3728,7901151.839,2113.462825,A,6,2,Maker,
MKR,Mexc,MKR_USDT,659686.2959,230714.6623,2119.293037,A,6,2,Maker,USDT-USD
MKR,Binance,MKRUSDT,368523.4153,23448263.7,2114.219678,A,6,2,Maker,USDT-USD
MKR,Kraken,MKRUSD,49658.74142,622993.922,2107.930364,A,6,2,Maker,
MKR,Okx,MKR-USDT,81342.70903,3487712.056,2111.932327,A,6,2,Maker,USDT-USD
MKR,Kucoin,MKR-USDT,45425.02507,675263.6294,2112.071675,A,6,2,Maker,USDT-USD
NEAR,Kucoin,NEAR-USDT,124294.3172,5843254.667,2.674161205,A,8,1,Near,USDT-USD
NEAR,Bybit,NEARUSDT,58206.62204,4630072.987,2.678918634,A,8,1,Near,USDT-USD
NEAR,CoinbasePro,NEAR-USD,185291.8636,5187550.998,2.67843549,A,8,1,Near,
NEAR,Kraken,NEARUSD,191549.9708,3360632.501,2.667463339,A,8,1,Near,
NEAR,Okx,NEAR-USDT,311377.3773,15382244.05,2.672818299,A,8,1,Near,USDT-USD
NEAR,Binance,NEARUSDT,578778.0911,61784058.07,2.676081404,A,8,1,Near,USDT-USD
NEAR,Mexc,NEAR_USDT,871096.6953,1184958.966,2.678323491,A,8,1,Near,USDT-USD
NEAR,Huobi,nearusdt,74787.28484,6999178.627,2.67181076,A,8,1,Near,USDT-USD
OP,Mexc,OP_USDT,1987545.663,1684136.999,2.871032553,A,7,2,Optimism,USDT-USD
OP,Okx,OP-USDT,456470.0968,40684606.93,2.865726402,A,7,2,Optimism,USDT-USD
OP,Bybit,OPUSDT,121956.4932,12754054.86,2.863599682,A,7,2,Optimism,USDT-USD
OP,Binance,OPUSDT,1189317.678,120606269.7,2.866861935,A,7,2,Optimism,USDT-USD
OP,Kucoin,OP-USDT,151102.3965,7514893.178,2.86647468,A,7,2,Optimism,USDT-USD
OP,CoinbasePro,OP-USD,351393.8984,22928210.76,2.864965623,A,7,2,Optimism,
OP,Gate,OP_USDT,50000,100000,0,A,7,2,Optimism,USDT-USD
ORDI,Kucoin,ORDI-USDT,110936.0169,7517594.63,51.5460857,A,6,2,Ordinals,USDT-USD
ORDI,Bybit,ORDIUSDT,119439.2682,9142897.563,51.46062583,A,6,2,Ordinals,USDT-USD
ORDI,Binance,ORDIUSDT,1816384.797,157536421.3,51.50890555,A,6,2,Ordinals,USDT-USD
ORDI,Okx,ORDI-USDT,897255.021,111729885.1,51.56285708,A,6,2,Ordinals,USDT-USD
ORDI,Huobi,ordiusdt,90017.00367,6939659.846,52.21823543,A,6,2,Ordinals,USDT-USD
ORDI,Gate,ORDI_USDT,50000,100000,0,A,6,2,Ordinals,USDT-USD
PEPE,Binance,PEPEUSDT,1854338.485,21983200.56,1.02E-06,A,6,2,Pepe,USDT-USD
PEPE,Kraken,PEPEUSD,66383.09612,339921.3126,1.02E-06,A,6,2,Pepe,
PEPE,Bybit,PEPEUSDT,70662.28564,5776041.599,1.02E-06,A,6,2,Pepe,USDT-USD
PEPE,Kucoin,PEPE-USDT,117845.5631,6320839.499,1.02E-06,A,6,2,Pepe,USDT-USD
PEPE,Mexc,PEPE_USDT,576088.0345,1051367.142,1.02E-06,A,6,2,Pepe,USDT-USD
PEPE,Okx,PEPE-USDT,253199.6634,10378463.48,1.02E-06,A,6,2,Pepe,USDT-USD
RNDR,Kucoin,RNDR-USDT,93245.66824,3389990.196,3.78277704,A,6,2,Render Token,USDT-USD
RNDR,Binance,RNDRUSDT,456778.1853,34499985.8,3.781059636,A,6,2,Render Token,USDT-USD
RNDR,CoinbasePro,RNDR-USD,180418.0343,11691967.24,3.767943401,A,6,2,Render Token,
RNDR,Kraken,RNDRUSD,62255.2913,1176061.236,3.788017753,A,6,2,Render Token,
RNDR,Mexc,RNDR_USDT,627963.3038,617023.2409,3.770998381,A,6,2,Render Token,USDT-USD
RNDR,Okx,RNDR-USDT,122198.2874,5319549.855,3.772653723,A,6,2,Render Token,USDT-USD
SAND,Okx,SAND-USDT,100469.8264,3508230.948,0.4373225476,A,7,2,SAND,USDT-USD
SAND,Kucoin,SAND-USDT,64668.48254,997968.9032,0.4371193254,A,7,2,SAND,USDT-USD
SAND,Kraken,SANDUSD,47650.66542,278973.929,0.4395664881,A,7,2,SAND,
SAND,CoinbasePro,SAND-USD,54744.16281,731889.0885,0.437434037,A,7,2,SAND,
SAND,Binance,SANDUSDT,263841.1812,14105685.55,0.4370122624,A,7,2,SAND,USDT-USD
SAND,Mexc,SAND_USDT,380990.8836,209883.4311,0.437304002,A,7,2,SAND,USDT-USD
SAND,Gate,SAND_USDT,50000,100000,0,A,7,2,SAND,USDT-USD
SEI,Binance,SEIUSDT,960266.1108,147580247.1,0.613207501,A,7,2,Sei,USDT-USD
SEI,CoinbasePro,SEI-USD,501975.7126,44992922.16,0.6149800585,A,7,2,Sei,
SEI,Huobi,seiusdt,58169.10057,38375753.16,0.6146183588,A,7,2,Sei,USDT-USD
SEI,Bybit,SEIUSDT,131815.1551,20617259.61,0.6146716564,A,7,2,Sei,USDT-USD
SEI,Kraken,SEIUSD,60743.57825,6077393.643,0.6142689745,A,7,2,Sei,
SEI,Kucoin,SEI-USDT,178642.4194,10251443.59,0.6122370319,A,7,2,Sei,USDT-USD
SEI,Mexc,SEI_USDT,456994.8627,3721782.454,0.6209961106,A,7,2,Sei,USDT-USD
SHIB,Okx,SHIB-USDT,186962.879,5752876.108,8.84E-06,A,8,1,Shiba Inu,USDT-USD
SHIB,Bybit,SHIBUSDT,97654.78678,2621562.66,8.84E-06,A,8,1,Shiba Inu,USDT-USD
SHIB,Kucoin,SHIB-USDT,214053.7893,4620710.046,8.84E-06,A,8,1,Shiba Inu,USDT-USD
SHIB,CoinbasePro,SHIB-USD,472915.9234,9834603.706,8.84E-06,A,8,1,Shiba Inu,
SHIB,Binance,SHIBUSDT,711743.4514,34409618.31,8.84E-06,A,8,1,Shiba Inu,USDT-USD
SHIB,Kraken,SHIBUSD,104567.4626,420513.5586,8.84E-06,A,8,1,Shiba Inu,
SHIB,Mexc,SHIB_USDT,1940827.945,796547.7524,8.84E-06,A,8,1,Shiba Inu,USDT-USD
SHIB,Huobi,shibusdt,67117.45039,363334.4836,8.84E-06,A,8,1,Shiba Inu,USDT-USD
SNX,Mexc,SNX_USDT,310714.3857,335052.6602,3.112944227,A,6,2,Synthetix Network Token,USDT-USD
SNX,Kraken,SNXUSD,63489.12006,606793.6628,3.13979134,A,6,2,Synthetix Network Token,
SNX,Okx,SNX-USDT,103282.8979,3298762.932,3.135011753,A,6,2,Synthetix Network Token,USDT-USD
SNX,Bybit,SNXUSDT,60753.04211,1293350.734,3.125053636,A,6,2,Synthetix Network Token,USDT-USD
SNX,Binance,SNXUSDT,287994.4111,12367152.42,3.133185754,A,6,2,Synthetix Network Token,USDT-USD
SNX,CoinbasePro,SNX-USD,138260.8807,3807927.897,3.137731528,A,6,2,Synthetix Network Token,
SOL,Kucoin,SOL-USDT,374442.0549,56433240.02,87.53739207,A,9,1,Solana,USDT-USD
SOL,CoinbasePro,SOL-USD,2257090.149,145521917.4,87.38247282,A,9,1,Solana,
SOL,Okx,SOL-USDT,1397468.011,135207705.4,87.4902174,A,9,1,Solana,USDT-USD
SOL,Mexc,SOL_USDT,1779392.262,299329951.9,87.49495206,A,9,1,Solana,USDT-USD
SOL,Kraken,SOLUSD,2251190.633,64593290.11,87.67728718,A,9,1,Solana,
SOL,Binance,SOLUSDT,3741601.199,607947665.6,87.49377311,A,9,1,Solana,USDT-USD
SOL,Bitstamp,SOL/USD,109890.2738,2646819.043,87.31111501,A,9,1,Solana,
SOL,Bybit,SOLUSDT,831770.3877,120667847.4,87.36083166,A,9,1,Solana,USDT-USD
SOL,Huobi,solusdt,275163.2969,41233952.41,87.4809317,A,9,1,Solana,USDT-USD
STX,Okx,STX-USDT,180203.7241,13352549.39,1.463485107,A,7,2,Stacks,USDT-USD
STX,Kraken,STXUSD,58949.55711,1353219.917,1.468122483,A,7,2,Stacks,
STX,CoinbasePro,STX-USD,258400.6869,14123894.62,1.463175003,A,7,2,Stacks,
STX,Kucoin,STX-USDT,152358.5064,5233980.249,1.465347379,A,7,2,Stacks,USDT-USD
STX,Binance,STXUSDT,584610.0183,45329052.16,1.462632266,A,7,2,Stacks,USDT-USD
STX,Mexc,STX_USDT,227354.8541,915054.5567,1.463303254,A,7,2,Stacks,USDT-USD
STX,Gate,STX_USDT,50000,100000,0,A,7,2,Stacks,USDT-USD
SUI,Kucoin,SUI-USDT,157119.1,12511155.03,1.224163869,A,6,2,SuiNetwork,USDT-USD
SUI,Mexc,SUI_USDT,233548.7548,2056662.292,1.222993101,A,6,2,SuiNetwork,USDT-USD
SUI,Binance,SUIUSDT,1262079.981,111516956.8,1.223930951,A,6,2,SuiNetwork,USDT-USD
SUI,CoinbasePro,SUI-USD,164063.7043,14862283.81,1.225266393,A,6,2,SuiNetwork,
SUI,Bybit,SUIUSDT,212067.1354,19630489.94,1.225408738,A,6,2,SuiNetwork,USDT-USD
SUI,Okx,SUI-USDT,613217.7334,54191478.11,1.223865903,A,6,2,SuiNetwork,USDT-USD
SUSHI,Mexc,SUSHI_USDT,698897.3305,162827.6862,1.069891177,B,5,2,Sushi,USDT-USD
SUSHI,Binance,SUSHIUSDT,314905.5164,8301205.3,1.070356721,B,5,2,Sushi,USDT-USD
SUSHI,Okx,SUSHI-USDT,140667.711,3610840.809,1.067487683,B,5,2,Sushi,USDT-USD
SUSHI,Kraken,SUSHIUSD,60333.51362,206177.6733,1.075978241,B,5,2,Sushi,
SUSHI,CoinbasePro,SUSHI-USD,84615.09476,3085188.166,1.072066002,B,5,2,Sushi,
TIA,Bybit,TIAUSDT,187918.6442,14660427.8,15.52650347,A,7,2,Celestia,USDT-USD
TIA,Binance,TIAUSDT,841382.0946,102103230.5,15.53648038,A,7,2,Celestia,USDT-USD
TIA,CoinbasePro,TIA-USD,383069.4815,25165071.27,15.51546599,A,7,2,Celestia,
TIA,Kraken,TIAUSD,111097.8042,6238500.3,15.50599396,A,7,2,Celestia,
TIA,Kucoin,TIA-USDT,125355.6151,11079068.85,15.55654998,A,7,2,Celestia,USDT-USD
TIA,Mexc,TIA_USDT,100237.1437,2406206.399,15.72168637,A,7,2,Celestia,USDT-USD
TIA,Okx,TIA-USDT,552714.9757,23266716.08,15.50535992,A,7,2,Celestia,USDT-USD
TRX,Kraken,TRXUSD,256930.9396,749814.9748,0.1113946358,A,8,2,TRON,
TRX,Binance,TRXUSDT,613911.798,39811843.58,0.110779356,A,8,2,TRON,USDT-USD
TRX,Huobi,trxusdt,213398.1056,8135870.339,0.1107429915,A,8,2,TRON,USDT-USD
TRX,Okx,TRX-USDT,162323.4689,5484388.924,0.1107910725,A,8,2,TRON,USDT-USD
TRX,Bybit,TRXUSDT,137021.0481,4074633.26,0.1107581644,A,8,2,TRON,USDT-USD
TRX,Kucoin,TRX-USDT,129267.4773,2807145.376,0.1109288304,A,8,2,TRON,USDT-USD
TRX,Mexc,TRX_USDT,676244.1047,18412701.3,0.1107773897,A,8,2,TRON,USDT-USD
TRX,Gate,TRX_USDT,50000,100000,0,A,8,2,TRON,USDT-USD
UNI,Mexc,UNI_USDT,764302.9979,247466.3051,5.761766722,A,7,2,Uniswap,USDT-USD
UNI,Binance,UNIUSDT,399637.0021,17327263.14,5.766455246,A,7,2,Uniswap,USDT-USD
UNI,Bybit,UNIUSDT,67657.94054,2493651.981,5.759751567,A,7,2,Uniswap,USDT-USD
UNI,Kucoin,UNI-USDT,62238.34996,915687.2194,5.769731774,A,7,2,Uniswap,USDT-USD
UNI,Kraken,UNIUSD,110184.576,575064.438,5.744322919,A,7,2,Uniswap,
UNI,Okx,UNI-USDT,188134.5271,8636195.728,5.755593059,A,7,2,Uniswap,USDT-USD
UNI,CoinbasePro,UNI-USD,136046.1025,4933014.237,5.766666815,A,7,2,Uniswap,
WLD,Okx,WLD-USDT,251129.2683,9586681.603,2.292928825,A,6,2,Worldcoin WLD,USDT-USD
WLD,Mexc,WLD_USDT,487737.0114,273829.0676,2.273495768,A,6,2,Worldcoin WLD,USDT-USD
WLD,Bybit,WLDUSDT,56863.91933,3194845.195,2.293914994,A,6,2,Worldcoin WLD,USDT-USD
WLD,Binance,WLDUSDT,309841.6575,26594366.07,2.291594044,A,6,2,Worldcoin WLD,USDT-USD
WLD,Kucoin,WLD-USDT,82240.3581,1301628.522,2.294060237,A,6,2,Worldcoin WLD,USDT-USD
WLD,Gate,WLD_USDT,50000,100000,0,A,6,2,Worldcoin WLD,USDT-USD
XLM,Kucoin,XLM-USDT,85927.31243,1417810.596,0.1117112483,A,8,1,Stellar,USDT-USD
XLM,CoinbasePro,XLM-USD,225276.1032,8883356.851,0.1117142784,A,8,1,Stellar,
XLM,Okx,XLM-USDT,118111.3781,1765770.66,0.1116885221,A,8,1,Stellar,USDT-USD
XLM,Kraken,XLMUSD,176811.499,408089.0655,0.1115158801,A,8,1,Stellar,
XLM,Bitstamp,XLM/USD,72720.87116,733454.4667,0.1113217575,A,8,1,Stellar,
XLM,Mexc,XLM_USDT,1132933.24,618310.8309,0.1117266616,A,8,1,Stellar,USDT-USD
XLM,Bybit,XLMUSDT,88709.74889,3151890.822,0.111753146,A,8,1,Stellar,USDT-USD
XLM,Binance,XLMUSDT,345297.9107,8403369.953,0.1117183159,A,8,1,Stellar,USDT-USD
XRP,Kraken,XRPUSD,814559.1334,6616229.004,0.5113032699,A,9,1,Ripple,
XRP,Binance,XRPUSDT,1884848.243,189067323.1,0.5112663149,A,9,1,Ripple,USDT-USD
XRP,Okx,XRP-USDT,563822.8277,34832795.43,0.5114652914,A,9,1,Ripple,USDT-USD
XRP,CoinbasePro,XRP-USD,730290.9717,38862484.52,0.5115428632,A,9,1,Ripple,
XRP,Huobi,xrpusdt,130799.1755,30764931.78,0.5116267728,A,9,1,Ripple,USDT-USD
XRP,Kucoin,XRP-USDT,711262.8242,17611337.65,0.5113220721,A,9,1,Ripple,USDT-USD
XRP,Bybit,XRPUSDT,574200.8828,60341501.96,0.511381899,A,9,1,Ripple,USDT-USD
XRP,Bitstamp,XRP/USD,893779.877,8546572.012,0.5101769016,A,9,1,Ripple,
XRP,Mexc,XRP_USDT,2253802.257,64063212.39,0.5113602624,A,9,1,Ripple,USDT-USD
CFX,Mexc,CFX_USDT,741948.4908,377232.5696,0.1828636419,B,5,2,Conflux Token,USDT-USD
CFX,Kucoin,CFX-USDT,55943.9793,3166120.044,0.1814791365,B,5,2,Conflux Token,USDT-USD
CFX,Binance,CFXUSDT,425985.235,21370941.25,0.1814141679,B,5,2,Conflux Token,USDT-USD
CFX,Okx,CFX-USDT,225570.4218,11740974.87,0.1814352472,B,5,2,Conflux Token,USDT-USD
CFX,Gate,CFX_USDT,50000,100000,0,B,5,2,Conflux Token,USDT-USD
COMP,Kraken,COMPUSD,53754.17258,243932.5958,53.11057205,B,5,2,Compound Coin,
COMP,Mexc,COMP_USDT,230873.8911,180053.2444,52.64207051,B,5,2,Compound Coin,USDT-USD
COMP,Okx,COMP-USDT,66721.14412,2254113.721,52.63991084,B,5,2,Compound Coin,USDT-USD
COMP,CoinbasePro,COMP-USD,62085.28523,1437341.815,52.63084228,B,5,2,Compound Coin,
COMP,Binance,COMPUSDT,121785.3724,8389374.272,52.68915121,B,5,2,Compound Coin,USDT-USD
EGLD,Kucoin,EGLD-USDT,65252.11559,1177346.419,48.76618226,B,5,2,MultiversX,USDT-USD
EGLD,Binance,EGLDUSDT,271211.9052,11875041.97,48.79330927,B,5,2,MultiversX,USDT-USD
EGLD,Mexc,EGLD_USDT,376293.4565,276441.7792,48.74594483,B,5,2,MultiversX,USDT-USD
EGLD,CoinbasePro,EGLD-USD,52835.82668,917429.1077,48.88945848,B,5,2,MultiversX,
EGLD,Gate,EGLD_USDT,50000,100000,0,B,5,2,MultiversX,USDT-USD
FLOW,Kraken,FLOWUSD,51916.27241,275346.5158,0.7242278161,B,5,2,Flow - Dapper Labs,
FLOW,Binance,FLOWUSDT,293656.6338,9552308.898,0.7291395058,B,5,2,Flow - Dapper Labs,USDT-USD
FLOW,Mexc,FLOW_USDT,483739.2177,113468.7798,0.7323395177,B,5,2,Flow - Dapper Labs,USDT-USD
FLOW,Okx,FLOW-USDT,80766.53137,9510373.237,0.7285897993,B,5,2,Flow - Dapper Labs,USDT-USD
FLOW,Gate,FLOW_USDT,50000,100000,0,B,5,2,Flow - Dapper Labs,USDT-USD
GMT,CoinbasePro,GMT-USD,67428.76141,2248881.711,0.2560028014,B,5,2,STEPN,
GMT,Binance,GMTUSDT,462665.2276,38705519.52,0.2555371175,B,5,2,STEPN,USDT-USD
GMT,Kucoin,GMT-USDT,72869.96385,2005043.366,0.2557195795,B,5,2,STEPN,USDT-USD
GMT,Okx,GMT-USDT,152103.8921,8914015.232,0.2554599347,B,5,2,STEPN,USDT-USD
GMT,Gate,GMT_USDT,50000,100000,0,B,5,2,STEPN,USDT-USD
MEME,Bybit,MEMEUSDT,74659.94612,1660599.611,0.02253908946,B,5,2,Memecoin Price,USDT-USD
MEME,Binance,MEMEUSDT,489840.1554,31554049.74,0.02249870307,B,5,2,Memecoin Price,USDT-USD
MEME,Kucoin,MEME-USDT,50201.45759,1498743.96,0.02243463802,B,5,2,Memecoin Price,USDT-USD
MEME,Mexc,MEME_USDT,184005.5762,478785.4964,0.02260242467,B,5,2,Memecoin Price,USDT-USD
MEME,Gate,MEME_USDT,50000,100000,0,B,5,2,Memecoin Price,USDT-USD
MINA,Mexc,MINA_USDT,110130.5009,610463.4036,1.00715717,B,5,2,Mina,USDT-USD
MINA,CoinbasePro,MINA-USD,59277.03658,6118487.412,1.008738919,B,5,2,Mina,
MINA,Kraken,MINAUSD,104251.6176,1744827.397,1.002235423,B,5,2,Mina,
MINA,Binance,MINAUSDT,163902.8209,27632789.9,1.009175349,B,5,2,Mina,USDT-USD
MINA,Okx,MINA-USDT,58811.29263,5177907.38,1.013323303,B,5,2,Mina,USDT-USD
PEOPLE,Okx,PEOPLE-USDT,318441.9026,37806408.11,0.02743487292,B,5,2,ConstitutionDAO,USDT-USD
PEOPLE,Kucoin,PEOPLE-USDT,64922.56302,3574827.52,0.0273835447,B,5,2,ConstitutionDAO,USDT-USD
PEOPLE,Mexc,PEOPLE_USDT,168543.6372,757272.2515,0.02744498423,B,5,2,ConstitutionDAO,USDT-USD
PEOPLE,Binance,PEOPLEUSDT,192342.5961,85366302.35,0.02746617133,B,5,2,ConstitutionDAO,USDT-USD
PEOPLE,Gate,PEOPLE_USDT,50000,100000,0,B,5,2,ConstitutionDAO,USDT-USD
WAVES,Okx,WAVES-USDT,91892.84196,2741667.219,2.144997825,B,5,2,Waves,USDT-USD
WAVES,Binance,WAVESUSDT,272620.4813,9543737.677,2.143624016,B,5,2,Waves,USDT-USD
WAVES,Mexc,WAVES_USDT,558956.9951,168193.854,2.142261269,B,5,2,Waves,USDT-USD
WAVES,Kucoin,WAVES-USDT,55367.18425,769644.5638,2.142747289,B,5,2,Waves,USDT-USD
WAVES,Kraken,WAVESUSD,45555.16136,112134.6183,2.154872324,B,5,2,Waves,
1INCH,Binance,1INCHUSDT,223047.9107,10123584.48,0.3759697336,C,4,2,1INCH,USDT-USD
1INCH,CoinbasePro,1INCH-USD,63433.64579,1220856.095,0.3761909036,C,4,2,1INCH,
1INCH,Mexc,1INCH_USDT,220805.8565,397303.2595,0.3751712747,C,4,2,1INCH,USDT-USD
1INCH,Okx,1INCH-USDT,87382.44268,4403164.462,0.375964926,C,4,2,1INCH,USDT-USD
ACE,Binance,ACEUSDT,219186.3365,36291711.39,9.125489437,C,2,2,Fusionist,USDT-USD
ACE,Okx,ACE-USDT,120509.3158,8941538.795,9.092071496,C,2,2,Fusionist,USDT-USD
ACH,CoinbasePro,ACH-USD,97110.58491,894158.4549,0.01675701504,C,3,2,Alchemy Pay,
ACH,Binance,ACHUSDT,84700.65638,4414398.216,0.01675085779,C,3,2,Alchemy Pay,USDT-USD
ACH,Mexc,ACH_USDT,192469.0915,100559.3076,0.01679041985,C,3,2,Alchemy Pay,USDT-USD
AEUR,Binance,AEURUSDT,1270915.824,759036.3652,1.085248864,C,1,2,Anchored Coins AEUR,USDT-USD
API3,Mexc,API3_USDT,152284.022,205441.5,2.043375234,C,2,2,API3,USDT-USD
API3,Binance,API3USDT,90101.84241,17128907.56,2.048019395,C,2,2,API3,USDT-USD
AR,Okx,AR-USDT,49845.96145,2809779.829,8.610082522,C,2,2,Arweave,USDT-USD
AR,Binance,ARUSDT,118756.107,5634710.58,8.603353236,C,2,2,Arweave,USDT-USD
ARKM,Binance,ARKMUSDT,101600.3693,9290971.501,0.5035873534,C,2,2,Arkham,USDT-USD
ARKM,Mexc,ARKM_USDT,104313.7334,237646.8392,0.502258142,C,2,2,Arkham,USDT-USD
ARPA,Binance,ARPAUSDT,141483.7342,6962539.152,0.05938416152,C,1,2,ArpaCoin,USDT-USD
ASTR,Mexc,ASTR_USDT,337777.2363,556571.4433,0.1714246019,C,3,2,ASTR,USDT-USD
ASTR,Binance,ASTRUSDT,272250.3728,29115614.2,0.1710438223,C,3,2,ASTR,USDT-USD
ASTR,Okx,ASTR-USDT,61040.31153,7741218.973,0.1712013965,C,3,2,ASTR,USDT-USD
AUCTION,Mexc,AUCTION_USDT,205068.2365,269845.2565,24.64750337,C,3,2,Auction,USDT-USD
AUCTION,Binance,AUCTIONUSDT,141766.5502,24443787.65,24.52525957,C,3,2,Auction,USDT-USD
AUCTION,Okx,AUCTION-USDT,64014.51076,7264691.478,24.43296353,C,3,2,Auction,USDT-USD
AXS,Mexc,AXS_USDT,262075.6017,132406.1769,7.065952702,C,3,2,Axie Infinity,USDT-USD
AXS,Binance,AXSUSDT,231000.3653,12333785.24,7.054601867,C,3,2,Axie Infinity,USDT-USD
AXS,CoinbasePro,AXS-USD,46520.7417,953800.4786,7.063964044,C,3,2,Axie Infinity,
BAKE,Binance,BAKEUSDT,182011.4866,35921179.76,0.3094882759,C,2,2,Bakery Token,USDT-USD
BAKE,Mexc,BAKE_USDT,185326.3247,583699.372,0.3068157366,C,2,2,Bakery Token,USDT-USD
BAND,Binance,BANDUSDT,55086.31129,6612180.017,1.592617506,C,1,2,Band Protocol,USDT-USD
BEAM,Binance,BEAMUSDT,152991.9166,15969226.65,0.01691214062,C,1,2,BEAM (Merit Circle),USDT-USD
BLZ,Binance,BLZUSDT,108417.3522,5588057.361,0.2904520078,C,2,2,Bluzelle,USDT-USD
BLZ,CoinbasePro,BLZ-USD,58365.73324,369664.6277,0.2910902264,C,2,2,Bluzelle,
BOND,Binance,BONDUSDT,101881.7077,6611834.75,3.051545382,C,1,2,BarnBridge,USDT-USD
BSW,Binance,BSWUSDT,46034.40658,4599238.929,0.08886586012,C,1,2,Biswap (BSW),USDT-USD
C98,Mexc,C98_USDT,285083.0197,153443.734,0.2185707406,C,2,2,Coin98,USDT-USD
C98,Binance,C98USDT,189878.1329,5558051.461,0.2185832922,C,2,2,Coin98,USDT-USD
CAKE,Mexc,CAKE_USDT,405312.078,551396.0436,2.447890968,C,2,2,PancakeSwap,USDT-USD
CAKE,Binance,CAKEUSDT,195778.7099,23654981.25,2.454039405,C,2,2,PancakeSwap,USDT-USD
CELO,Mexc,CELO_USDT,125444.7762,302663.9345,0.6476452305,C,3,2,Celo,USDT-USD
CELO,Okx,CELO-USDT,74867.9216,2248910.392,0.6477003752,C,3,2,Celo,USDT-USD
CELO,Binance,CELOUSDT,188957.1416,10478656.48,0.6474077901,C,3,2,Celo,USDT-USD
CHR,Binance,CHRUSDT,98985.18915,8983410.231,0.2454323105,C,1,2,Chromia,USDT-USD
CTSI,Binance,CTSIUSDT,61529.46969,13400594.76,0.211724629,C,1,2,Cartesi,USDT-USD
CYBER,Binance,CYBERUSDT,157494.8313,21582311.99,6.891553463,C,2,2,CyberConnect,USDT-USD
CYBER,Mexc,CYBER_USDT,245967.0815,775034.3955,6.894934361,C,2,2,CyberConnect,USDT-USD
DATA,Binance,DATAUSDT,56436.38905,6577080.731,0.04655652469,C,1,2,Streamr DATAcoin,USDT-USD
DEGO,Binance,DEGOUSDT,49442.4569,6918692.999,2.058938225,C,2,2,Dego Finance,USDT-USD
DEGO,Mexc,DEGO_USDT,47063.22126,145028.8291,2.061702998,C,2,2,Dego Finance,USDT-USD
DIA,Binance,DIAUSDT,46415.86926,5008591.814,0.398446883,C,1,2,DIAToken,USDT-USD
DUSK,Binance,DUSKUSDT,89726.44858,5994345.592,0.24835762,C,1,2,Dusk Network,USDT-USD
EUR,Binance,EURUSDT,914754.1506,25453392.79,1.086238407,C,3,2,Euro,USDT-USD
EUR,Bitstamp,EUR/USD,161923.2853,2925912.624,1.085974486,C,3,2,Euro,
EUR,Kraken,EURUSD,973749.5483,17562785.59,1.087181078,C,3,2,Euro,
FDUSD,Binance,FDUSDUSDT,20819829.91,791868072.3,0.9982990251,C,1,2,First Digital USD,USDT-USD
FRONT,Binance,FRONTUSDT,116592.5536,8033362.547,0.4244166096,C,1,2,Frontier,USDT-USD
FTT,Binance,FTTUSDT,85361.25321,18918457.67,2.637355962,C,2,2,FTX Token,USDT-USD
FTT,Mexc,FTT_USDT,61679.15314,885931.1891,2.625461927,C,2,2,FTX Token,USDT-USD
FXS,Binance,FXSUSDT,76687.07914,7919284.862,9.870999715,C,1,2,Frax Share,USDT-USD
GAL,Binance,GALUSDT,123198.1518,6183386.884,1.713442116,C,1,2,Project Galaxy,USDT-USD
GAS,Okx,GAS-USDT,71550.26438,3589890.498,5.559745992,C,2,2,Gas,USDT-USD
GAS,Binance,GASUSDT,143459.5949,16249734.4,5.551653689,C,2,2,Gas,USDT-USD
GLMR,Binance,GLMRUSDT,66465.37977,5440648.9,0.351519818,C,2,2,Moonbeam Network Glimmer Token,USDT-USD
GLMR,Mexc,GLMR_USDT,132937.7799,226967.7255,0.3519219251,C,2,2,Moonbeam Network Glimmer Token,USDT-USD
GMX,Binance,GMXUSDT,86050.25266,8488792.893,41.68565019,C,1,2,GMX,USDT-USD
GTC,Binance,GTCUSDT,63833.57202,5559771.674,1.109504239,C,1,2,Gitcoin,USDT-USD
HFT,Mexc,HFT_USDT,92867.50229,155840.9593,0.3163831693,C,3,2,Hashflow,USDT-USD
HFT,CoinbasePro,HFT-USD,67639.33185,1082720.501,0.3166013692,C,3,2,Hashflow,
HFT,Binance,HFTUSDT,86389.41028,4335472.459,0.3155912724,C,3,2,Hashflow,USDT-USD
HIFI,Binance,HIFIUSDT,65279.10529,4308106.952,0.5695358478,C,1,2,Hifi Finance,USDT-USD
HIGH,Binance,HIGHUSDT,94832.54951,5568886.461,1.416275081,C,1,2,Highstreet,USDT-USD
HOOK,Binance,HOOKUSDT,125566.4187,10904796.41,0.8514358619,C,1,2,Hooked Protocol,USDT-USD
HOT,Binance,HOTUSDT,88284.00246,4898150.064,0.00182001891,C,1,2,Holo,USDT-USD
ID,Binance,IDUSDT,105739.9887,10529785.09,0.2642775002,C,2,2,Space ID,USDT-USD
ID,Mexc,ID_USDT,99019.7159,293195.7436,0.2653625693,C,2,2,Space ID,USDT-USD
ILV,Binance,ILVUSDT,65967.97711,4756421.779,72.43485363,C,2,2,Illuvium,USDT-USD
ILV,Mexc,ILV_USDT,101351.5141,124582.7065,72.49241072,C,2,2,Illuvium,USDT-USD
IMX,Binance,IMXUSDT,159306.9212,9773348.424,1.833882485,C,4,2,Immutable X,USDT-USD
IMX,Mexc,IMX_USDT,125843.6309,288710.9571,1.831721582,C,4,2,Immutable X,USDT-USD
IMX,CoinbasePro,IMX-USD,63576.38536,3545209.657,1.832415885,C,4,2,Immutable X,
IMX,Okx,IMX-USDT,63231.7586,4815890.341,1.835477545,C,4,2,Immutable X,USDT-USD
IOTA,Binance,IOTAUSDT,156813.2627,9448427.026,0.2404979188,C,2,2,IOTA,USDT-USD
IOTA,Okx,IOTA-USDT,81364.86526,1422701.965,0.240249504,C,2,2,IOTA,USDT-USD
IOTX,Mexc,IOTX_USDT,63717.81113,114944.2482,0.04098756361,C,2,2,IoTeX,USDT-USD
IOTX,Binance,IOTXUSDT,118425.8892,5645105.663,0.04116999109,C,2,2,IoTeX,USDT-USD
JASMY,CoinbasePro,JASMY-USD,106938.7996,2456750.498,0.004883328831,C,4,2,Jasmy,
JASMY,Kucoin,JASMY-USDT,46532.2408,878234.3701,0.004897641967,C,4,2,Jasmy,USDT-USD
JASMY,Binance,JASMYUSDT,103914.894,4638424.246,0.004895538164,C,4,2,Jasmy,USDT-USD
JASMY,Mexc,JASMY_USDT,118057.5456,426212.9186,0.004900948254,C,4,2,Jasmy,USDT-USD
JOE,Binance,JOEUSDT,95891.84261,4986487.55,0.4210333582,C,2,2,TraderJoe,USDT-USD
JOE,Mexc,JOE_USDT,106334.2549,155616.5895,0.4240505807,C,2,2,TraderJoe,USDT-USD
KDA,Binance,KDAUSDT,52068.57953,6603653.169,0.9864134387,C,1,2,Kadena,USDT-USD
KLAY,Mexc,KLAY_USDT,198792.0879,193094.4612,0.1935774129,C,2,2,Klaytn,USDT-USD
KLAY,Binance,KLAYUSDT,102537.9319,8166690.792,0.1947100267,C,2,2,Klaytn,USDT-USD
KP3R,Binance,KP3RUSDT,54560.4206,6827068.529,68.97052078,C,1,2,Keep3rV1,USDT-USD
KSM,Okx,KSM-USDT,49131.02426,2272156.7,35.8946584,C,4,2,Kusama,USDT-USD
KSM,Kraken,KSMUSD,82906.03275,662412.7086,35.91468468,C,4,2,Kusama,
KSM,Mexc,KSM_USDT,51623.03643,146361.7075,35.99359072,C,4,2,Kusama,USDT-USD
KSM,Binance,KSMUSDT,104173.4084,6749163.486,35.92864815,C,4,2,Kusama,USDT-USD
LEVER,Binance,LEVERUSDT,103584.2033,8631452.701,0.001297870719,C,2,2,leverfi,USDT-USD
LEVER,Mexc,LEVER_USDT,269243.6154,100150.2478,0.001297685532,C,2,2,leverfi,USDT-USD
LOOM,Binance,LOOMUSDT,72863.84961,6250861.053,0.08656430192,C,1,2,Loom Network,USDT-USD
LPT,Binance,LPTUSDT,124147.244,4976570.721,6.65831672,C,1,2,Livepeer,USDT-USD
LQTY,Mexc,LQTY_USDT,289158.432,110300.6315,1.195620223,C,2,2,Liquity,USDT-USD
LQTY,Binance,LQTYUSDT,127715.2767,7023298.015,1.191924708,C,2,2,Liquity,USDT-USD
LRC,CoinbasePro,LRC-USD,59174.11432,3383810.585,0.2285031455,C,3,2,Loopring,
LRC,Mexc,LRC_USDT,45956.53557,124278.9266,0.2288337603,C,3,2,Loopring,USDT-USD
LRC,Binance,LRCUSDT,146930.5688,6969566.753,0.2286497941,C,3,2,Loopring,USDT-USD
LUNA,Okx,LUNA-USDT,140979.1409,2806262.42,9.33E-05,C,4,2,Terra Luna Classic,USDT-USD
LUNA,Mexc,LUNA_USDT,285530.9676,548675.4766,9.33E-05,C,4,2,Terra Luna Classic,USDT-USD
LUNA,Binance,LUNAUSDT,327295.5899,25245311.88,9.32E-05,C,4,2,Terra Luna Classic,USDT-USD
LUNA,Kucoin,LUNA-USDT,162730.8732,2161850.295,9.34E-05,C,4,2,Terra Luna Classic,USDT-USD
LUNA2,Okx,LUNA2-USDT,116714.2838,5214721.607,0.5862913961,C,4,2,Terra Luna 2,USDT-USD
LUNA2,Binance,LUNA2USDT,283182.821,12663702.95,0.5867542898,C,4,2,Terra Luna 2,USDT-USD
LUNA2,Kucoin,LUNA2-USDT,83502.73597,2063709.03,0.586261171,C,4,2,Terra Luna 2,USDT-USD
LUNA2,Mexc,LUNA2_USDT,108379.4362,339907.5678,0.5861178482,C,4,2,Terra Luna 2,USDT-USD
MAGIC,Mexc,MAGIC_USDT,264533.7207,290531.8239,0.9620408497,C,4,2,MAGIC,USDT-USD
MAGIC,Binance,MAGICUSDT,220494.1405,15191286.46,0.9583392892,C,4,2,MAGIC,USDT-USD
MAGIC,Okx,MAGIC-USDT,105405.7972,5401719.867,0.9595420314,C,4,2,MAGIC,USDT-USD
MAGIC,Gate,MAGIC_USDT,50000,100000,0,C,4,2,MAGIC,USDT-USD
MANTA,Bybit,MANTAUSDT,53885.15969,18009025.51,3.063765317,C,2,2,Manta,USDT-USD
MANTA,Binance,MANTAUSDT,403816.6432,259161217.8,3.08167379,C,2,2,Manta,USDT-USD
MAV,Mexc,MAV_USDT,185736.3436,457436.4408,0.5373792545,C,2,2,Maverick Protocol,USDT-USD
MAV,Binance,MAVUSDT,99388.71969,22924519.05,0.536668425,C,2,2,Maverick Protocol,USDT-USD
MOVR,Binance,MOVRUSDT,140137.8354,34228440.2,22.26851193,C,1,2,Moonriver,USDT-USD
NEO,Binance,NEOUSDT,174759.4944,6735135.997,10.50592939,C,2,2,NEO,USDT-USD
NEO,Mexc,NEO_USDT,285086.2477,101306.1126,10.51571434,C,2,2,NEO,USDT-USD
NFP,Binance,NFPUSDT,136224.0611,40056163.12,0.4984980965,C,1,2,NFPrompt,USDT-USD
NMR,Mexc,NMR_USDT,56441.59171,117950.3206,20.80947578,C,1,2,Numeraire,USDT-USD
NTRN,Binance,NTRNUSDT,190762.7558,22412232.21,1.043698576,C,3,2,Neutron,USDT-USD
NTRN,Kucoin,NTRN-USDT,61322.46516,4357183.961,1.0429518,C,3,2,Neutron,USDT-USD
NTRN,Mexc,NTRN_USDT,85753.64033,420380.4134,1.049013149,C,3,2,Neutron,USDT-USD
OGN,Mexc,OGN_USDT,133395.5319,153105.7316,0.1506897838,C,2,2,Origin Protocol,USDT-USD
OGN,Binance,OGNUSDT,114751.9375,8567467.491,0.1509501147,C,2,2,Origin Protocol,USDT-USD
ONE,Mexc,ONE_USDT,103633.3233,169389.5422,0.01381296016,C,1,2,Harmony,USDT-USD
ONT,Binance,ONTUSDT,101745.7079,6573307.838,0.2378290263,C,2,2,Ontology,USDT-USD
ONT,Mexc,ONT_USDT,134099.6108,119281.0604,0.2328763351,C,2,2,Ontology,USDT-USD
OSMO,CoinbasePro,OSMO-USD,45573.4572,505627.9592,1.434332792,C,2,2,osmosis,
OSMO,Binance,OSMOUSDT,184069.0761,6248594.99,1.436154852,C,2,2,osmosis,USDT-USD
OXT,Binance,OXTUSDT,121674.5039,4092402.317,0.08759780776,C,1,2,Orchid,USDT-USD
PENDLE,Mexc,PENDLE_USDT,94363.66432,302375.5024,2.414568281,C,2,2,Pendle,USDT-USD
PENDLE,Binance,PENDLEUSDT,198805.1833,19093374.54,2.411570446,C,2,2,Pendle,USDT-USD
PERP,Mexc,PERP_USDT,70959.09524,263694.8546,1.108616603,C,2,2,Perpetual Protocol,USDT-USD
PERP,Binance,PERPUSDT,97699.23947,18395585.05,1.101367961,C,2,2,Perpetual Protocol,USDT-USD
PHB,Binance,PHBUSDT,87353.37405,5541104.607,0.8191750331,C,1,2,Phoenix Global,USDT-USD
POLYX,Binance,POLYXUSDT,77106.52126,4877840.89,0.1556027116,C,1,2,Polymex,USDT-USD
POWR,Binance,POWRUSDT,101684.5648,32858394.18,0.3110983216,C,1,2,Power Ledger,USDT-USD
PROS,Binance,PROSUSDT,47335.53338,6601983.056,0.4958016306,C,1,2,Prosper,USDT-USD
PYR,Mexc,PYR_USDT,136917.2423,282019.549,5.525717506,C,2,2,Vulcan Forged,USDT-USD
PYR,Binance,PYRUSDT,67837.28685,6095379.499,5.513382639,C,2,2,Vulcan Forged,USDT-USD
QI,Binance,QIUSDT,65705.70399,4479686.822,0.01492820908,C,1,2,Benqi,USDT-USD
QNT,Binance,QNTUSDT,150130.1919,4958738.066,105.1210689,C,3,2,Quant,USDT-USD
QNT,CoinbasePro,QNT-USD,77932.07738,2702196.734,104.8651886,C,3,2,Quant,
QNT,Mexc,QNT_USDT,319187.1936,283469.3662,105.6252627,C,3,2,Quant,USDT-USD
RAD,Binance,RADUSDT,64303.27111,13728893.14,1.863131994,C,1,2,Radicle,USDT-USD
RAY,Binance,RAYUSDT,49059.70839,10476697.73,1.086883488,C,1,2,Raydium,USDT-USD
RDNT,Okx,RDNT-USDT,99487.73444,4908849.751,0.2781249382,C,2,2,Radiant Capital,USDT-USD
RDNT,Binance,RDNTUSDT,202234.405,19676252.31,0.27834352,C,2,2,Radiant Capital,USDT-USD
RIF,Binance,RIFUSDT,102720.0668,5575326.551,0.126668978,C,1,2,RIF Token,USDT-USD
RLC,CoinbasePro,RLC-USD,45038.78592,956263.9594,2.193508506,C,2,2,iExec RLC,
RLC,Binance,RLCUSDT,113296.5214,10458930.76,2.240062189,C,2,2,iExec RLC,USDT-USD
ROSE,CoinbasePro,ROSE-USD,94865.22605,2007709.124,0.09853848605,C,4,2,Oasis Network,
ROSE,Kucoin,ROSE-USDT,60914.79989,2255011.858,0.09829991324,C,4,2,Oasis Network,USDT-USD
ROSE,Binance,ROSEUSDT,188268.4384,13037035.32,0.09827645727,C,4,2,Oasis Network,USDT-USD
ROSE,Mexc,ROSE_USDT,87574.57166,553950.1122,0.09824638256,C,4,2,Oasis Network,USDT-USD
RUNE,Kucoin,RUNE-USDT,150957.3196,4886709.369,4.034373849,C,3,2,Thorchain,USDT-USD
RUNE,Kraken,RUNEUSD,64699.56261,918799.2368,4.070013999,C,3,2,Thorchain,
RUNE,Binance,RUNEUSDT,380276.4214,62447654.52,4.036291948,C,3,2,Thorchain,USDT-USD
SANTOS,Binance,SANTOSUSDT,48414.7599,10421735.09,4.748221741,C,1,2,Santos FC Fan Token,USDT-USD
SATS,Binance,SATSUSDT,270661.8914,65862844.2,0.0003862181853,C,2,2,SATS (Ordinals),USDT-USD
SATS,Okx,SATS-USDT,186918.757,23374134.77,3.87E-07,C,2,2,SATS (Ordinals),USDT-USD
SC,Binance,SCUSDT,56737.90689,11988942.85,0.008758778298,C,2,2,Siacoin,USDT-USD
SC,Kraken,SCUSD,72897.05559,939274.4661,0.009133476567,C,2,2,Siacoin,
SKL,CoinbasePro,SKL-USD,89253.48802,7106650.138,0.07392654734,C,2,2,SKALE Network,
SKL,Binance,SKLUSDT,245593.9026,14952643.43,0.07413113803,C,2,2,SKALE Network,USDT-USD
SLEEPAI,Binance,SLEEPAIUSDT,226926.639,75074601.74,1.03330556,C,1,2,Sleepless AI,USDT-USD
SLP,Binance,SLPUSDT,75829.29241,4740257.278,0.002835530307,C,1,2,Smooth Love Potion,USDT-USD
SSV,Binance,SSVUSDT,323731.8901,22076581.02,28.20046712,C,3,2,SSV Token,USDT-USD
SSV,Okx,SSV-USDT,138780.4853,10437857.38,28.20537722,C,3,2,SSV Token,USDT-USD
SSV,Mexc,SSV_USDT,72456.44543,262132.0541,28.25282324,C,3,2,SSV Token,USDT-USD
STG,Binance,STGUSDT,108865.1255,5746995.142,0.5045724388,C,2,2,Stargate Finance,USDT-USD
STG,Mexc,STG_USDT,84129.48408,141951.2826,0.503347766,C,2,2,Stargate Finance,USDT-USD
STORJ,Okx,STORJ-USDT,107087.3563,3141734.853,0.5481481935,C,4,2,Storj,USDT-USD
STORJ,Mexc,STORJ_USDT,379448.5526,135570.0261,0.542814224,C,4,2,Storj,USDT-USD
STORJ,Binance,STORJUSDT,231654.1428,10131073.03,0.5507150911,C,4,2,Storj,USDT-USD
STORJ,CoinbasePro,STORJ-USD,51027.83869,779419.6502,0.5473696668,C,4,2,Storj,
STRAX,Binance,STRAXUSDT,52905.44524,8603073.461,0.859584148,C,1,2,STRAX Token,USDT-USD
SUPER,CoinbasePro,SUPER-USD,50756.77233,2582255.195,0.5798868417,C,2,2,SuperCoin,
SUPER,Binance,SUPERUSDT,118810.403,6113031.497,0.5750921405,C,2,2,SuperCoin,USDT-USD
SYN,Binance,SYNUSDT,47988.72934,8355559.222,0.8286535512,C,1,2,Synapse,USDT-USD
T,Binance,TUSDT,67613.62552,15650726.81,0.0266303701,C,1,2,Threshold Network Token,USDT-USD
THETA,Okx,THETA-USDT,45307.20349,1748100.687,0.9536451092,C,3,2,Theta Token,USDT-USD
THETA,Kucoin,THETA-USDT,50799.11682,953331.377,0.9531037657,C,3,2,Theta Token,USDT-USD
THETA,Binance,THETAUSDT,124500.3519,6901396.198,0.9509138016,C,3,2,Theta Token,USDT-USD
TRB,Binance,TRBUSDT,390984.8389,100946113.2,103.9610988,C,3,2,Tellor Tributes,USDT-USD
TRB,CoinbasePro,TRB-USD,88075.97643,17801109.2,104.1184355,C,3,2,Tellor Tributes,
TRB,Okx,TRB-USDT,186073.443,21824721.52,104.3779998,C,3,2,Tellor Tributes,USDT-USD
TUSD,Mexc,TUSD_USDT,3321290.381,438627.3706,0.9834745064,C,2,2,TrueUSD,USDT-USD
TUSD,Binance,TUSDUSDT,8528624.338,127150976.8,0.983448235,C,2,2,TrueUSD,USDT-USD
TWT,Mexc,TWT_USDT,53326.82705,174132.0743,1.098094178,C,2,2,Trust Wallet Token,USDT-USD
TWT,Binance,TWTUSDT,82499.98134,4322265.177,1.095769461,C,2,2,Trust Wallet Token,USDT-USD
UMA,Binance,UMAUSDT,59739.75936,40479668.6,4.951798234,C,1,2,UMA,USDT-USD
UNFI,Binance,UNFIUSDT,131780.4267,7051952.799,5.639134191,C,2,2,Unifi Protocol DAO,USDT-USD
UNFI,Mexc,UNFI_USDT,130778.7414,110299.8533,5.64795796,C,2,2,Unifi Protocol DAO,USDT-USD
USTC,Binance,USTCUSDT,104193.9018,15652520.83,0.02414702556,C,3,2,TerraClassicUSD,USDT-USD
USTC,Okx,USTC-USDT,79755.13934,3789072.942,0.02416523268,C,3,2,TerraClassicUSD,USDT-USD
USTC,Mexc,USTC_USDT,160428.8833,291642.1385,0.02413599889,C,3,2,TerraClassicUSD,USDT-USD
VANRY,Binance,VANRYUSDT,52749.63014,6196670.624,0.05698171548,C,1,2,VANAR,USDT-USD
VENUS,Binance,VENUSUSDT,142572.1277,4451222.365,11.45017461,C,1,2,VENUS,USDT-USD
VET,Kucoin,VET-USDT,47075.4841,1459523.548,0.02683736035,C,4,2,VeChain Thor Blockchain,USDT-USD
VET,Binance,VETUSDT,156275.2048,10448229.43,0.02681801761,C,4,2,VeChain Thor Blockchain,USDT-USD
VET,CoinbasePro,VET-USD,76873.43971,1778291.301,0.02682562648,C,4,2,VeChain Thor Blockchain,
VET,Mexc,VET_USDT,206314.8694,264812.6117,0.02680541699,C,4,2,VeChain Thor Blockchain,USDT-USD
WBTC,Binance,WBTCUSDT,112200.2527,1683109.194,39963.72177,C,1,2,Wrapped Bitcoin,USDT-USD
WING,Binance,WINGUSDT,62333.07274,6305353.437,8.576492466,C,2,2,Wing Finance,USDT-USD
WING,Mexc,WING_USDT,145609.7828,144300.5718,8.312628247,C,2,2,Wing Finance,USDT-USD
WOO,Kucoin,WOO-USDT,56843.55491,2278027.521,0.3371057009,C,4,2,Wootrade Network,USDT-USD
WOO,Binance,WOOUSDT,151442.7656,10671160.74,0.3366437512,C,4,2,Wootrade Network,USDT-USD
WOO,Okx,WOO-USDT,69348.19917,2025176.877,0.3367207662,C,4,2,Wootrade Network,USDT-USD
WOO,Mexc,WOO_USDT,199456.2006,304849.2574,0.3360550686,C,4,2,Wootrade Network,USDT-USD
XAI,Binance,XAIUSDT,364809.2616,121646517.1,0.7172651447,C,3,2,Xai,USDT-USD
XAI,Kucoin,XAI-USDT,80369.25096,6679818.276,0.7140484103,C,3,2,Xai,USDT-USD
XAI,Mexc,XAI_USDT,62519.5629,2089596.926,0.7163100149,C,3,2,Xai,USDT-USD
XMR,Mexc,XMR_USDT,637929.6215,5399712.779,155.4816876,C,4,2,Monero,USDT-USD
XMR,Kucoin,XMR-USDT,75861.34173,8391529.693,155.526225,C,4,2,Monero,USDT-USD
XMR,Kraken,XMRUSD,152433.9495,1066363.955,155.8084502,C,4,2,Monero,
XMR,Binance,XMRUSDT,325239.0746,14167130.57,155.4210491,C,4,2,Monero,USDT-USD
XTZ,Binance,XTZUSDT,74018.47298,6036351.412,0.9344370358,C,2,2,Tezos,USDT-USD
XTZ,Kraken,XTZUSD,115428.0625,918276.8649,0.9324110152,C,2,2,Tezos,
YFI,Binance,YFIUSDT,106489.0261,4283188.193,7008.442394,C,2,2,yearn.finance,USDT-USD
YFI,CoinbasePro,YFI-USD,69803.71322,2485716.132,7006.499518,C,2,2,yearn.finance,
YGG,Binance,YGGUSDT,255512.6937,15978592.67,0.4253489864,C,3,2,Yield Guild Games,USDT-USD
YGG,Okx,YGG-USDT,112564.4286,8795935.186,0.4242942872,C,3,2,Yield Guild Games,USDT-USD
YGG,Mexc,YGG_USDT,291214.2319,384654.8937,0.4279915233,C,3,2,Yield Guild Games,USDT-USD
ZEC,Mexc,ZEC_USDT,508650.6599,287365.0153,21.96116327,C,2,2,Zcash,USDT-USD
ZEC,Binance,ZECUSDT,107748.7569,6231023.464,22.06774527,C,2,2,Zcash,USDT-USD
ZEN,Binance,ZENUSDT,121239.4862,5983871.133,7.622205603,C,1,2,Horizen,USDT-USD
ZIL,Binance,ZILUSDT,78122.06511,5951041.305,0.01981457877,C,3,2,Zilliqa,USDT-USD
ZIL,Mexc,ZIL_USDT,164288.1689,136450.7828,0.01983149916,C,3,2,Zilliqa,USDT-USD
ZIL,Kucoin,ZIL-USDT,51622.45768,620061.2048,0.0198240821,C,3,2,Zilliqa,USDT-USD
JUP,Kucoin,JUP-USDT,72000,9000000,0.69,A,6,2,Jupiter,USDT-USD
JUP,Okx,JUP-USDT,64000,29000000,0.69,A,6,2,Jupiter,USDT-USD
JUP,Binance,JUPUSDT,500000,96000000,0.69,A,6,2,Jupiter,USDT-USD
JUP,Bybit,JUPUSDT,100000,35000000,0.69,A,6,2,Jupiter,USDT-USD
JUP,Gate,JUP_USDT,35000,900000,0.68,A,6,2,Jupiter,USDT-USD
JUP,Mexc,JUP_USDT,20000,6000000,0.69,A,6,2,Jupiter,USDT-USD